{
  "timestamp": "2025-11-13T21:59:27.048568",
  "balancer_diameter": 0.3,
  "camera": {
    "index": 0,
    "frame_width": 640,
    "frame_height": 480
  },
  "ball_detection": {
    "lower_hsv": [
      12.0,
      185.0,
      179.0
    ],
    "upper_hsv": [
      25.0,
      255.0,
      241.0
    ]
  },
  "calibration": {
    "pixel_to_meter_ratio": 0.001056338028169014,
    "position_min_m": -0.15,
    "position_max_m": 0.15,
    "center_x": 373,
    "center_y": 195
  },
  "servo": {
    "port": "COM4",
    "neutral_angle": 65
  },
  "motor": {
    "pixels": {
      "motor0": [
        307.0,
        79.0
      ],
      "motor1": [
        505.0,
        193.0
      ],
      "motor2": [
        305.0,
        309.0
      ]
    },
    "unit_vector_m": {
      "motor0": [
        -0.49452424925505933,
        0.8691638320240437
      ],
      "motor1": [
        0.9998852355536474,
        0.015149776296267386
      ],
      "motor2": [
        -0.5122783012082034,
        -0.858819504966694
      ]
    }
  }
}