{
  "timestamp": "2025-11-13T19:23:16.258857",
  "balancer_diameter": 0.3,
  "camera": {
    "index": 0,
    "frame_width": 640,
    "frame_height": 480
  },
  "ball_detection": {
    "lower_hsv": [
      9.0,
      93.45,
      222.0
    ],
    "upper_hsv": [
      29.0,
      193.55,
      255.0
    ]
  },
  "calibration": {
    "pixel_to_meter_ratio": 0.0006024096385542168,
    "position_min_m": -0.15,
    "position_max_m": 0.15,
    "center_x": 312,
    "center_y": 252
  },
  "servo": {
    "port": "COM4",
    "neutral_angle": 65
  },
  "motor": {
    "pixels": {
      "motor0": [
        164.0,
        69.0
      ],
      "motor1": [
        542.0,
        195.0
      ],
      "motor2": [
        232.0,
        473.0
      ]
    },
    "unit_vector_m": {
      "motor0": [
        -0.6288314760952333,
        0.7775416224691061
      ],
      "motor1": [
        0.9706369569291916,
        0.24054915889114753
      ],
      "motor2": [
        -0.3403762279289856,
        -0.9402893296538227
      ]
    }
  }
}